Model	Power	False_Discovery	Accuracy
RP-LDA	0.8968379479890654	1.1031620520109373	0.9447004608294931
RP-QDA	0.9020716924995873	1.0979283075004143	0.9447004608294931
RP-KNN	0.9383885777624525	1.0616114222375446	0.9447004608294931
SIR	0.6766932489010721	1.3233067510989278	0.9447004608294931
SAVE	1.0690918959659188	0.9309081040340812	0.9308755760368663
PHD	0.035156052245772756	1.964843947754227	0.46543778801843316
PCA	0.9972911690228129	1.0027088309771877	0.9400921658986175
Lt-SNE	0.058883668597839375	1.9411163314021607	0.5806451612903226
